vendor,product_name,spec_raw,price_usd,dose_mg_per_vial,vials_per_kit,total_mg_per_kit,price_per_mg,source_file,peptide_key
HYB,BAC water,10ml/vial x 10vials,8.0,,10,,,HYB-Price List - Overview.pdf,BAC WATER
HYB,AA water,3ml/vial x 10vials,10.0,,10,,,HYB-Price List - Overview.pdf,AA WATER
HYB,HGH,10iu/vial x 10vials,50.0,,10,,,HYB-Price List - Overview.pdf,HGH
HYB,HGH,15iu/vial x 10vials,75.0,,10,,,HYB-Price List - Overview.pdf,HGH
HYB,HGH,24iu/vial x 10vials,100.0,,10,,,HYB-Price List - Overview.pdf,HGH
HYB,HGH,36iu/vial x 10vials,145.0,,10,,,HYB-Price List - Overview.pdf,HGH
HYB,HGH Frag (176-191),5mg/vial x 10vials,80.0,5.0,10,50.0,1.6,HYB-Price List - Overview.pdf,HGH FRAG 176-191
HYB,HMG,75iu/vial x 10vials,65.0,,10,,,HYB-Price List - Overview.pdf,HMG
HYB,HCG,5000iu/vial x 10vials,70.0,,10,,,HYB-Price List - Overview.pdf,HCG
HYB,HCG,10000iu/vial x 10vials,130.0,,10,,,HYB-Price List - Overview.pdf,HCG
HYB,Semaglutide,5mg/vial x 10vials,48.0,5.0,10,50.0,0.96,HYB-Price List - Overview.pdf,SEMAGLUTIDE
HYB,Semaglutide,10mg/vial x 10vials,58.0,10.0,10,100.0,0.58,HYB-Price List - Overview.pdf,SEMAGLUTIDE
HYB,Semaglutide,15mg/vial x 10vials,78.0,15.0,10,150.0,0.52,HYB-Price List - Overview.pdf,SEMAGLUTIDE
HYB,Semaglutide,20mg/vial x 10vials,88.0,20.0,10,200.0,0.44,HYB-Price List - Overview.pdf,SEMAGLUTIDE
HYB,Semaglutide,30mg/vial x 10vials,110.0,30.0,10,300.0,0.36666666666666664,HYB-Price List - Overview.pdf,SEMAGLUTIDE
HYB,Tirzepatide,5mg/vial x 10vials,45.0,5.0,10,50.0,0.9,HYB-Price List - Overview.pdf,TIRZEPATIDE
HYB,Tirzepatide,10mg/vial x 10vials,65.0,10.0,10,100.0,0.65,HYB-Price List - Overview.pdf,TIRZEPATIDE
HYB,Tirzepatide,15mg/vial x 10vials,70.0,15.0,10,150.0,0.4666666666666667,HYB-Price List - Overview.pdf,TIRZEPATIDE
HYB,Tirzepatide,20mg/vial x 10vials,80.0,20.0,10,200.0,0.4,HYB-Price List - Overview.pdf,TIRZEPATIDE
HYB,Tirzepatide,30mg/vial x 10vials,110.0,30.0,10,300.0,0.36666666666666664,HYB-Price List - Overview.pdf,TIRZEPATIDE
HYB,Tirzepatide,40mg/vial x 10vials,150.0,40.0,10,400.0,0.375,HYB-Price List - Overview.pdf,TIRZEPATIDE
HYB,Tirzepatide,50mg/vial x 10vials,180.0,50.0,10,500.0,0.36,HYB-Price List - Overview.pdf,TIRZEPATIDE
HYB,Tirzepatide,60mg/vial x 10vials,210.0,60.0,10,600.0,0.35,HYB-Price List - Overview.pdf,TIRZEPATIDE
HYB,Tirzepatide,100mg/vial x 10vials,330.0,100.0,10,1000.0,0.33,HYB-Price List - Overview.pdf,TIRZEPATIDE
HYB,Retatrutide,5mg/vial x 10vials,70.0,5.0,10,50.0,1.4,HYB-Price List - Overview.pdf,RETATRUTIDE
HYB,Retatrutide,10mg/vial x 10vials,100.0,10.0,10,100.0,1.0,HYB-Price List - Overview.pdf,RETATRUTIDE
HYB,Retatrutide,15mg/vial x 10vials,135.0,15.0,10,150.0,0.9,HYB-Price List - Overview.pdf,RETATRUTIDE
HYB,Retatrutide,20mg/vial x 10vials,155.0,20.0,10,200.0,0.775,HYB-Price List - Overview.pdf,RETATRUTIDE
HYB,Retatrutide,30mg/vial x 10vials,190.0,30.0,10,300.0,0.6333333333333333,HYB-Price List - Overview.pdf,RETATRUTIDE
HYB,Retatrutide,50mg/vial x 10vials,290.0,50.0,10,500.0,0.58,HYB-Price List - Overview.pdf,RETATRUTIDE
HYB,Retatrutide,60mg/vial x 10vials,340.0,60.0,10,600.0,0.5666666666666667,HYB-Price List - Overview.pdf,RETATRUTIDE
HXTNT,Tirzepatide,5mg *10vials,40.0,5.0,10,50.0,0.8,HXTNT-Lucy-price list.pdf,TIRZEPATIDE
HXTNT,Tirzepatide,10mg *10vials,50.0,10.0,10,100.0,0.5,HXTNT-Lucy-price list.pdf,TIRZEPATIDE
HXTNT,Tirzepatide,15mg *10vials,60.0,15.0,10,150.0,0.4,HXTNT-Lucy-price list.pdf,TIRZEPATIDE
HXTNT,Tirzepatide,20mg *10vials,70.0,20.0,10,200.0,0.35,HXTNT-Lucy-price list.pdf,TIRZEPATIDE
HXTNT,Tirzepatide,30mg *10vials,86.0,30.0,10,300.0,0.2866666666666667,HXTNT-Lucy-price list.pdf,TIRZEPATIDE
HXTNT,Tirzepatide,40mg *10vials,110.0,40.0,10,400.0,0.275,HXTNT-Lucy-price list.pdf,TIRZEPATIDE
HXTNT,Tirzepatide,45mg *10vials,120.0,45.0,10,450.0,0.26666666666666666,HXTNT-Lucy-price list.pdf,TIRZEPATIDE
HXTNT,Tirzepatide,50mg *10vials,135.0,50.0,10,500.0,0.27,HXTNT-Lucy-price list.pdf,TIRZEPATIDE
HXTNT,Tirzepatide,60mg *10vials,158.0,60.0,10,600.0,0.2633333333333333,HXTNT-Lucy-price list.pdf,TIRZEPATIDE
HXTNT,Retatrutide,5mg *10vials,55.0,5.0,10,50.0,1.1,HXTNT-Lucy-price list.pdf,RETATRUTIDE
HXTNT,Retatrutide,10mg *10vials,80.0,10.0,10,100.0,0.8,HXTNT-Lucy-price list.pdf,RETATRUTIDE
HXTNT,Retatrutide,15mg *10vials,95.0,15.0,10,150.0,0.6333333333333333,HXTNT-Lucy-price list.pdf,RETATRUTIDE
HXTNT,Retatrutide,20mg *10vials,120.0,20.0,10,200.0,0.6,HXTNT-Lucy-price list.pdf,RETATRUTIDE
HXTNT,Retatrutide,30mg *10vials,157.0,30.0,10,300.0,0.5233333333333333,HXTNT-Lucy-price list.pdf,RETATRUTIDE
HXTNT,Retatrutide,40mg *10vials,195.0,40.0,10,400.0,0.4875,HXTNT-Lucy-price list.pdf,RETATRUTIDE
HXTNT,Retatrutide,50mg *10vials,230.0,50.0,10,500.0,0.46,HXTNT-Lucy-price list.pdf,RETATRUTIDE
HXTNT,Retatrutide,60mg *10vials,270.0,60.0,10,600.0,0.45,HXTNT-Lucy-price list.pdf,RETATRUTIDE
HXTNT,Semaglutide,2mg *10vials,30.0,2.0,10,20.0,1.5,HXTNT-Lucy-price list.pdf,SEMAGLUTIDE
HXTNT,Semaglutide,5mg *10vials,35.0,5.0,10,50.0,0.7,HXTNT-Lucy-price list.pdf,SEMAGLUTIDE
HXTNT,Semaglutide,10mg *10vials,45.0,10.0,10,100.0,0.45,HXTNT-Lucy-price list.pdf,SEMAGLUTIDE
HXTNT,Semaglutide,15mg *10vials,60.0,15.0,10,150.0,0.4,HXTNT-Lucy-price list.pdf,SEMAGLUTIDE
HXTNT,Semaglutide,20mg *10vials,70.0,20.0,10,200.0,0.35,HXTNT-Lucy-price list.pdf,SEMAGLUTIDE
HXTNT,Semaglutide,30mg *10vials,90.0,30.0,10,300.0,0.3,HXTNT-Lucy-price list.pdf,SEMAGLUTIDE
HXTNT,Epithalon,10mg*10vials,46.0,10.0,10,100.0,0.46,HXTNT-Lucy-price list.pdf,EPITHALON
HXTNT,Epithalon,50mg*10vials,120.0,50.0,10,500.0,0.24,HXTNT-Lucy-price list.pdf,EPITHALON
HXTNT,MT-1,10mg*10vials,40.0,10.0,10,100.0,0.4,HXTNT-Lucy-price list.pdf,MT-1
HXTNT,MT-2 (Melanotan 2 Acetate),10mg*10vials,40.0,10.0,10,100.0,0.4,HXTNT-Lucy-price list.pdf,MT-2 MELANOTAN 2 ACETATE
HXTNT,PT-141,10mg*10vials,50.0,10.0,10,100.0,0.5,HXTNT-Lucy-price list.pdf,PT-141
HXTNT,DSIP,5mg*10vials,32.0,5.0,10,50.0,0.64,HXTNT-Lucy-price list.pdf,DSIP
HXTNT,DSIP,10mg*10vials,58.0,10.0,10,100.0,0.58,HXTNT-Lucy-price list.pdf,DSIP
HXTNT,DSIP,15mg*10vials,75.0,15.0,10,150.0,0.5,HXTNT-Lucy-price list.pdf,DSIP
HXTNT,Selank,5mg*10vials,37.0,5.0,10,50.0,0.74,HXTNT-Lucy-price list.pdf,SELANK
HXTNT,Selank,10mg*10vials,55.0,10.0,10,100.0,0.55,HXTNT-Lucy-price list.pdf,SELANK
HXTNT,Pinealon,10mg*10vials,43.0,10.0,10,100.0,0.43,HXTNT-Lucy-price list.pdf,PINEALON
HXTNT,Pinealon,20mg*10vials,65.0,20.0,10,200.0,0.325,HXTNT-Lucy-price list.pdf,PINEALON
HXTNT,BPC157,5mg*10vials,40.0,5.0,10,50.0,0.8,HXTNT-Lucy-price list.pdf,BPC157
HXTNT,BPC157,10mg*10vials,60.0,10.0,10,100.0,0.6,HXTNT-Lucy-price list.pdf,BPC157
HXTNT,BPC157,15mg*10vials,75.0,15.0,10,150.0,0.5,HXTNT-Lucy-price list.pdf,BPC157
HXTNT,BPC157,20mg*10vials,90.0,20.0,10,200.0,0.45,HXTNT-Lucy-price list.pdf,BPC157
HXTNT,BPC 5mg + TB 5mg,10mg*10vials,75.0,10.0,10,100.0,0.75,HXTNT-Lucy-price list.pdf,BPC 5MG TB 5MG
HXTNT,BPC 10mg + TB 10mg,10mg*10vials,145.0,10.0,10,100.0,1.45,HXTNT-Lucy-price list.pdf,BPC 10MG TB 10MG
HXTNT,Semax,5mg*10vials,37.0,5.0,10,50.0,0.74,HXTNT-Lucy-price list.pdf,SEMAX
HXTNT,Semax,10mg*10vials,55.0,10.0,10,100.0,0.55,HXTNT-Lucy-price list.pdf,SEMAX
HXTNT,SS-31,10mg*10vials,65.0,10.0,10,100.0,0.65,HXTNT-Lucy-price list.pdf,SS-31
HXTNT,SS-31,50mg*10vials,270.0,50.0,10,500.0,0.54,HXTNT-Lucy-price list.pdf,SS-31
HXTNT,GHRP-2 Acetate,5mg*10vials,30.0,5.0,10,50.0,0.6,HXTNT-Lucy-price list.pdf,GHRP-2 ACETATE
HXTNT,GHRP-2 Acetate,10mg*10vials,46.0,10.0,10,100.0,0.46,HXTNT-Lucy-price list.pdf,GHRP-2 ACETATE
HXTNT,GHRP-6 Acetate,5mg*10vials,30.0,5.0,10,50.0,0.6,HXTNT-Lucy-price list.pdf,GHRP-6 ACETATE
HXTNT,GHRP-6 Acetate,10mg*10vials,46.0,10.0,10,100.0,0.46,HXTNT-Lucy-price list.pdf,GHRP-6 ACETATE
HXTNT,CJC-1295 Whitout DAC,2mg*10vials,40.0,2.0,10,20.0,2.0,HXTNT-Lucy-price list.pdf,CJC-1295 WHITOUT DAC
HXTNT,CJC-1295 Whitout DAC,5mg*10vials,68.0,5.0,10,50.0,1.36,HXTNT-Lucy-price list.pdf,CJC-1295 WHITOUT DAC
HXTNT,CJC-1295 Whitout DAC,10mg*10vials,128.0,10.0,10,100.0,1.28,HXTNT-Lucy-price list.pdf,CJC-1295 WHITOUT DAC
HXTNT,CJC-1295 without DAC 5mg + IPA 5mg,10mg*10vials,75.0,10.0,10,100.0,0.75,HXTNT-Lucy-price list.pdf,CJC-1295 WITHOUT DAC 5MG IPA 5MG
HXTNT,CJC-1295 With DAC,2mg*10vials,58.0,2.0,10,20.0,2.9,HXTNT-Lucy-price list.pdf,CJC-1295 WITH DAC
HXTNT,CJC-1295 With DAC,5mg*10vials,135.0,5.0,10,50.0,2.7,HXTNT-Lucy-price list.pdf,CJC-1295 WITH DAC
HXTNT,TB500(Thymosin B4 Acetate）,5mg*10vials,68.0,5.0,10,50.0,1.36,HXTNT-Lucy-price list.pdf,TB500 THYMOSIN B4 ACETATE
HXTNT,TB500(Thymosin B4 Acetate）,10mg*10vials,120.0,10.0,10,100.0,1.2,HXTNT-Lucy-price list.pdf,TB500 THYMOSIN B4 ACETATE
HXTNT,Sermorelin,5mg*10vials,65.0,5.0,10,50.0,1.3,HXTNT-Lucy-price list.pdf,SERMORELIN
HXTNT,Sermorelin,10mg*10vials,120.0,10.0,10,100.0,1.2,HXTNT-Lucy-price list.pdf,SERMORELIN
HXTNT,Hexarelin Acetate,5mg*10vials,65.0,5.0,10,50.0,1.3,HXTNT-Lucy-price list.pdf,HEXARELIN ACETATE
HXTNT,HCG,10000IU*10vials,110.0,,10,,,HXTNT-Lucy-price list.pdf,HCG
HXTNT,HCG,5000IU*10vials,60.0,,10,,,HXTNT-Lucy-price list.pdf,HCG
HXTNT,HMG,75 IU*10vials,50.0,,10,,,HXTNT-Lucy-price list.pdf,HMG
HXTNT,HGH,10iu*10vials,50.0,,10,,,HXTNT-Lucy-price list.pdf,HGH
HXTNT,HGH,12iu*10vials,62.0,,10,,,HXTNT-Lucy-price list.pdf,HGH
HXTNT,HGH,15iu*10vials,70.0,,10,,,HXTNT-Lucy-price list.pdf,HGH
HXTNT,HGH,24iu*10vials,95.0,,10,,,HXTNT-Lucy-price list.pdf,HGH
HXTNT,HGH,36iu*10vials,140.0,,10,,,HXTNT-Lucy-price list.pdf,HGH
HXTNT,IGF-1LR3,0.1mg*10vials,35.0,0.1,10,1.0,35.0,HXTNT-Lucy-price list.pdf,IGF-1LR3
HXTNT,IGF-1LR3,1mg*10vials,170.0,1.0,10,10.0,17.0,HXTNT-Lucy-price list.pdf,IGF-1LR3
HXTNT,Tesamorelin,5mg*10vials,85.0,5.0,10,50.0,1.7,HXTNT-Lucy-price list.pdf,TESAMORELIN
HXTNT,Tesamorelin,10mg*10vials,150.0,10.0,10,100.0,1.5,HXTNT-Lucy-price list.pdf,TESAMORELIN
HXTNT,Tesamorelin,5mg*10vials,40.0,5.0,10,50.0,0.8,HXTNT-Lucy-price list.pdf,TESAMORELIN
HXTNT,Tesamorelin,10mg*10vials,60.0,10.0,10,100.0,0.6,HXTNT-Lucy-price list.pdf,TESAMORELIN
HXTNT,GHK-CU,50mg*10vials,32.0,50.0,10,500.0,0.064,HXTNT-Lucy-price list.pdf,GHK-CU
HXTNT,GHK-CU,100mg*10vials,45.0,100.0,10,1000.0,0.045,HXTNT-Lucy-price list.pdf,GHK-CU
HXTNT,AHK-CU,100mg*10vials,50.0,100.0,10,1000.0,0.05,HXTNT-Lucy-price list.pdf,AHK-CU
HXTNT,KissPeptin-10,5mg*10vials,45.0,5.0,10,50.0,0.9,HXTNT-Lucy-price list.pdf,KISSPEPTIN-10
HXTNT,KissPeptin-10,10mg*10vials,70.0,10.0,10,100.0,0.7,HXTNT-Lucy-price list.pdf,KISSPEPTIN-10
HXTNT,Thymalin,10mg*10vials,55.0,10.0,10,100.0,0.55,HXTNT-Lucy-price list.pdf,THYMALIN
HXTNT,Thymosin Alpha-1,2mg*10vials,42.0,2.0,10,20.0,2.1,HXTNT-Lucy-price list.pdf,THYMOSIN ALPHA-1
HXTNT,Thymosin Alpha-1,5mg*10vials,75.0,5.0,10,50.0,1.5,HXTNT-Lucy-price list.pdf,THYMOSIN ALPHA-1
HXTNT,Thymosin Alpha-1,10mg*10vials,140.0,10.0,10,100.0,1.4,HXTNT-Lucy-price list.pdf,THYMOSIN ALPHA-1
HXTNT,MOTS-c,10mg*10vials,50.0,10.0,10,100.0,0.5,HXTNT-Lucy-price list.pdf,MOTS-C
HXTNT,MOTS-c,40mg*10vials,150.0,40.0,10,400.0,0.375,HXTNT-Lucy-price list.pdf,MOTS-C
HXTNT,Glutathione,600mg *10 vials,38.0,600.0,10,6000.0,0.006333333333333333,HXTNT-Lucy-price list.pdf,GLUTATHIONE
HXTNT,Glutathione,1200mg *10,55.0,1200.0,10,12000.0,0.004583333333333333,HXTNT-Lucy-price list.pdf,GLUTATHIONE
HXTNT,cerebrolysin,"vials
60mg *6 vials",42.0,60.0,6,360.0,0.11666666666666667,HXTNT-Lucy-price list.pdf,CEREBROLYSIN
HXTNT,cagrilintide,5mg *10 vials,88.0,5.0,10,50.0,1.76,HXTNT-Lucy-price list.pdf,CAGRILINTIDE
HXTNT,cagrilintide,10mg*10vials,145.0,10.0,10,100.0,1.45,HXTNT-Lucy-price list.pdf,CAGRILINTIDE
HXTNT,FOXO4,10mg*10vials,210.0,10.0,10,100.0,2.1,HXTNT-Lucy-price list.pdf,FOXO4
HXTNT,Ara-290,10mg*10vials,48.0,10.0,10,100.0,0.48,HXTNT-Lucy-price list.pdf,ARA-290
HXTNT,Snap-8,10mg*10vials,40.0,10.0,10,100.0,0.4,HXTNT-Lucy-price list.pdf,SNAP-8
HXTNT,NAD+,100mg*10vials,50.0,100.0,10,1000.0,0.05,HXTNT-Lucy-price list.pdf,NAD
HXTNT,NAD+,500mg*10vials,70.0,500.0,10,5000.0,0.014,HXTNT-Lucy-price list.pdf,NAD
HXTNT,Botulinum toxin（肉毒杆菌毒素）,100iu/1vials,170.0,,1,,,HXTNT-Lucy-price list.pdf,BOTULINUM TOXIN
HXTNT,5-amino-1mq,5mg *10 vials,42.0,5.0,10,50.0,0.84,HXTNT-Lucy-price list.pdf,5-AMINO-1MQ
HXTNT,Survodutide,10mg*10vials,185.0,10.0,10,100.0,1.85,HXTNT-Lucy-price list.pdf,SURVODUTIDE
HXTNT,cagrilintide 5mg+Semaglutide 5mg,10mg*10vials,130.0,10.0,10,100.0,1.3,HXTNT-Lucy-price list.pdf,CAGRILINTIDE 5MG SEMAGLUTIDE 5MG
HXTNT,BPC 157 10mg+GHK-CU 50mg+TB500 10mg,70mg *10 vials,163.0,70.0,10,700.0,0.23285714285714285,HXTNT-Lucy-price list.pdf,BPC 157 10MG GHK-CU 50MG TB500 10MG
HXTNT,"BPC 157 10mg+GHK-CU 50mg+TB500
10mg+KPV 10mg",80mg*10vials,195.0,80.0,10,800.0,0.24375,HXTNT-Lucy-price list.pdf,BPC 157 10MG GHK-CU 50MG TB500 10MG KPV 10MG
HXTNT,Lipo c,10ml*10vials,75.0,,10,,,HXTNT-Lucy-price list.pdf,LIPO C
HXTNT,VIP5,5mg *10 vials,65.0,5.0,10,50.0,1.3,HXTNT-Lucy-price list.pdf,VIP5
HXTNT,VIP10,10mg*10vials,120.0,10.0,10,100.0,1.2,HXTNT-Lucy-price list.pdf,VIP10
HXTNT,SLU-PP-332,5mg*10vials,95.0,5.0,10,50.0,1.9,HXTNT-Lucy-price list.pdf,SLU-PP-332
HXTNT,LYSINE-PROLINE-VALINE,5mg *10 vials,35.0,5.0,10,50.0,0.7,HXTNT-Lucy-price list.pdf,LYSINE-PROLINE-VALINE
HXTNT,LYSINE-PROLINE-VALINE,10mg*10vials,48.0,10.0,10,100.0,0.48,HXTNT-Lucy-price list.pdf,LYSINE-PROLINE-VALINE
HXTNT,LL37,5mg*10vials,65.0,5.0,10,50.0,1.3,HXTNT-Lucy-price list.pdf,LL37
HXTNT,B12,1mg*10vials,35.0,1.0,10,10.0,3.5,HXTNT-Lucy-price list.pdf,B12
HXTNT,Lemon Bottle,10mg*10vials,55.0,10.0,10,100.0,0.55,HXTNT-Lucy-price list.pdf,LEMON BOTTLE
HXTNT,Oxytocin Acetate,5mg*10vials,38.0,5.0,10,50.0,0.76,HXTNT-Lucy-price list.pdf,OXYTOCIN ACETATE
HXTNT,Oxytocin Acetate,10mg*10vials,52.0,10.0,10,100.0,0.52,HXTNT-Lucy-price list.pdf,OXYTOCIN ACETATE
HXTNT,Mazdutide,5mg*10vials,90.0,5.0,10,50.0,1.8,HXTNT-Lucy-price list.pdf,MAZDUTIDE
HXTNT,Mazdutide,10mg*10vials,165.0,10.0,10,100.0,1.65,HXTNT-Lucy-price list.pdf,MAZDUTIDE
Violet,MT-1,10mg*10vials,40.0,10.0,10,100.0,0.4,violet-list.pdf,MT-1
Violet,MT-2 (Melanotan 2 Acetate),10mg*10vials,40.0,10.0,10,100.0,0.4,violet-list.pdf,MT-2 MELANOTAN 2 ACETATE
Violet,PT-141,10mg*10vials,50.0,10.0,10,100.0,0.5,violet-list.pdf,PT-141
Violet,DSIP,5mg*10vials,32.0,5.0,10,50.0,0.64,violet-list.pdf,DSIP
Violet,DSIP,10mg*10vials,58.0,10.0,10,100.0,0.58,violet-list.pdf,DSIP
Violet,DSIP,15mg*10vials,75.0,15.0,10,150.0,0.5,violet-list.pdf,DSIP
Violet,oxytocin,5mg*10vials,38.0,5.0,10,50.0,0.76,violet-list.pdf,OXYTOCIN
Violet,oxytocin,10mg*10vials,52.0,10.0,10,100.0,0.52,violet-list.pdf,OXYTOCIN
Violet,Selank,5mg*10vials,37.0,5.0,10,50.0,0.74,violet-list.pdf,SELANK
Violet,Selank,10mg*10vials,55.0,10.0,10,100.0,0.55,violet-list.pdf,SELANK
Violet,Epithalon,10mg*10vials,46.0,10.0,10,100.0,0.46,violet-list.pdf,EPITHALON
Violet,Epithalon,50mg*10vials,120.0,50.0,10,500.0,0.24,violet-list.pdf,EPITHALON
Violet,Pinealon,10mg*10vials,43.0,10.0,10,100.0,0.43,violet-list.pdf,PINEALON
Violet,Pinealon,20mg*10vials,65.0,20.0,10,200.0,0.325,violet-list.pdf,PINEALON
Violet,BPC157,5mg*10vials,40.0,5.0,10,50.0,0.8,violet-list.pdf,BPC157
Violet,BPC157,10mg*10vials,60.0,10.0,10,100.0,0.6,violet-list.pdf,BPC157
Violet,BPC157,15mg*10vials,75.0,15.0,10,150.0,0.5,violet-list.pdf,BPC157
Violet,BPC157,20mg*10vials,90.0,20.0,10,200.0,0.45,violet-list.pdf,BPC157
Violet,BPC 5mg + TB 5mg,10mg*10vials,75.0,10.0,10,100.0,0.75,violet-list.pdf,BPC 5MG TB 5MG
Violet,BPC 10mg + TB 10mg,10mg*10vials,145.0,10.0,10,100.0,1.45,violet-list.pdf,BPC 10MG TB 10MG
Violet,Semax,5mg*10vials,37.0,5.0,10,50.0,0.74,violet-list.pdf,SEMAX
Violet,Semax,10mg*10vials,55.0,10.0,10,100.0,0.55,violet-list.pdf,SEMAX
Violet,Semaglutide,5mg*10vials,35.0,5.0,10,50.0,0.7,violet-list.pdf,SEMAGLUTIDE
Violet,Semaglutide,10mg*10vials,45.0,10.0,10,100.0,0.45,violet-list.pdf,SEMAGLUTIDE
Violet,Semaglutide,15mg*10vials,60.0,15.0,10,150.0,0.4,violet-list.pdf,SEMAGLUTIDE
Violet,Semaglutide,20mg*10vials,70.0,20.0,10,200.0,0.35,violet-list.pdf,SEMAGLUTIDE
Violet,Semaglutide,30mg*10vials,90.0,30.0,10,300.0,0.3,violet-list.pdf,SEMAGLUTIDE
Violet,SS-31,10mg*10vials,65.0,10.0,10,100.0,0.65,violet-list.pdf,SS-31
Violet,SS-31,50mg*10vials,270.0,50.0,10,500.0,0.54,violet-list.pdf,SS-31
Violet,Tirzepatide,5mg*10vials,40.0,5.0,10,50.0,0.8,violet-list.pdf,TIRZEPATIDE
Violet,Tirzepatide,10mg*10vials,50.0,10.0,10,100.0,0.5,violet-list.pdf,TIRZEPATIDE
Violet,Tirzepatide,15mg*10vials,60.0,15.0,10,150.0,0.4,violet-list.pdf,TIRZEPATIDE
Violet,Tirzepatide,20mg*10vials,70.0,20.0,10,200.0,0.35,violet-list.pdf,TIRZEPATIDE
Violet,Tirzepatide,30mg*10vials,85.0,30.0,10,300.0,0.2833333333333333,violet-list.pdf,TIRZEPATIDE
Violet,Tirzepatide,40mg*10vials,110.0,40.0,10,400.0,0.275,violet-list.pdf,TIRZEPATIDE
Violet,Tirzepatide,45mg*10vials,120.0,45.0,10,450.0,0.26666666666666666,violet-list.pdf,TIRZEPATIDE
Violet,Tirzepatide,50mg*10vials,135.0,50.0,10,500.0,0.27,violet-list.pdf,TIRZEPATIDE
Violet,Tirzepatide,60mg *10vials,158.0,60.0,10,600.0,0.2633333333333333,violet-list.pdf,TIRZEPATIDE
Violet,Tirzepatide,100mg*10vials,240.0,100.0,10,1000.0,0.24,violet-list.pdf,TIRZEPATIDE
Violet,GHRP-2 Acetate,5mg*10vials,30.0,5.0,10,50.0,0.6,violet-list.pdf,GHRP-2 ACETATE
Violet,GHRP-2 Acetate,10mg*10vials,46.0,10.0,10,100.0,0.46,violet-list.pdf,GHRP-2 ACETATE
Violet,GHRP-6 Acetate,5mg*10vials,30.0,5.0,10,50.0,0.6,violet-list.pdf,GHRP-6 ACETATE
Violet,GHRP-6 Acetate,10mg*10vials,46.0,10.0,10,100.0,0.46,violet-list.pdf,GHRP-6 ACETATE
Violet,CJC-1295 Whitout DAC,2mg*10vials,40.0,2.0,10,20.0,2.0,violet-list.pdf,CJC-1295 WHITOUT DAC
Violet,CJC-1295 Whitout DAC,5mg*10vials,68.0,5.0,10,50.0,1.36,violet-list.pdf,CJC-1295 WHITOUT DAC
Violet,CJC-1295 Whitout DAC,10mg*10vials,128.0,10.0,10,100.0,1.28,violet-list.pdf,CJC-1295 WHITOUT DAC
Violet,CJC-1295 without DAC 5mg + IPA 5mg,10mg*10vials,75.0,10.0,10,100.0,0.75,violet-list.pdf,CJC-1295 WITHOUT DAC 5MG IPA 5MG
Violet,CJC-1295 With DAC,2mg*10vials,58.0,2.0,10,20.0,2.9,violet-list.pdf,CJC-1295 WITH DAC
Violet,CJC-1295 With DAC,5mg*10vials,135.0,5.0,10,50.0,2.7,violet-list.pdf,CJC-1295 WITH DAC
Violet,TB500(Thymosin B4 Acetate）,5mg*10vials,68.0,5.0,10,50.0,1.36,violet-list.pdf,TB500 THYMOSIN B4 ACETATE
Violet,TB500(Thymosin B4 Acetate）,10mg*10vials,120.0,10.0,10,100.0,1.2,violet-list.pdf,TB500 THYMOSIN B4 ACETATE
Violet,Sermorelin,5mg*10vials,65.0,5.0,10,50.0,1.3,violet-list.pdf,SERMORELIN
Violet,Sermorelin,10mg*10vials,120.0,10.0,10,100.0,1.2,violet-list.pdf,SERMORELIN
Violet,Hexarelin Acetate,5mg*10vials,65.0,5.0,10,50.0,1.3,violet-list.pdf,HEXARELIN ACETATE
Violet,HCG,10000IU*10vials,110.0,,10,,,violet-list.pdf,HCG
Violet,HCG,5000IU*10vials,60.0,,10,,,violet-list.pdf,HCG
Violet,HMG,75 IU*10vials,50.0,,10,,,violet-list.pdf,HMG
Violet,HGH,10iu*10vials,50.0,,10,,,violet-list.pdf,HGH
Violet,HGH,12iu*10vials,62.0,,10,,,violet-list.pdf,HGH
Violet,HGH,15iu*10vials,70.0,,10,,,violet-list.pdf,HGH
Violet,HGH,24iu*10vials,95.0,,10,,,violet-list.pdf,HGH
Violet,HGH,36iu*10vials,140.0,,10,,,violet-list.pdf,HGH
Violet,IGF-1LR3,0.1mg*10vials,35.0,0.1,10,1.0,35.0,violet-list.pdf,IGF-1LR3
Violet,IGF-1LR3,1mg*10vials,170.0,1.0,10,10.0,17.0,violet-list.pdf,IGF-1LR3
Violet,Tesamorelin,5mg*10vials,85.0,5.0,10,50.0,1.7,violet-list.pdf,TESAMORELIN
Violet,Tesamorelin,10mg*10vials,150.0,10.0,10,100.0,1.5,violet-list.pdf,TESAMORELIN
Violet,Tesamorelin,5mg*10vials,40.0,5.0,10,50.0,0.8,violet-list.pdf,TESAMORELIN
Violet,Tesamorelin,10mg*10vials,60.0,10.0,10,100.0,0.6,violet-list.pdf,TESAMORELIN
Violet,GHK-CU,50mg*10vials,32.0,50.0,10,500.0,0.064,violet-list.pdf,GHK-CU
Violet,GHK-CU,100mg*10vials,45.0,100.0,10,1000.0,0.045,violet-list.pdf,GHK-CU
Violet,AHK-CU,100mg*10vials,50.0,100.0,10,1000.0,0.05,violet-list.pdf,AHK-CU
Violet,KissPeptin-10,5mg*10vials,45.0,5.0,10,50.0,0.9,violet-list.pdf,KISSPEPTIN-10
Violet,KissPeptin-10,10mg*10vials,70.0,10.0,10,100.0,0.7,violet-list.pdf,KISSPEPTIN-10
Violet,Thymalin,10mg*10vials,55.0,10.0,10,100.0,0.55,violet-list.pdf,THYMALIN
Violet,Thymosin Alpha-1,2mg*10vials,42.0,2.0,10,20.0,2.1,violet-list.pdf,THYMOSIN ALPHA-1
Violet,Thymosin Alpha-1,5mg*10vials,75.0,5.0,10,50.0,1.5,violet-list.pdf,THYMOSIN ALPHA-1
Violet,Thymosin Alpha-1,10mg*10vials,140.0,10.0,10,100.0,1.4,violet-list.pdf,THYMOSIN ALPHA-1
Violet,MOTS-c,10mg*10vials,50.0,10.0,10,100.0,0.5,violet-list.pdf,MOTS-C
Violet,MOTS-c,40mg*10vials,150.0,40.0,10,400.0,0.375,violet-list.pdf,MOTS-C
Violet,Retatrutide,5mg*10vials,55.0,5.0,10,50.0,1.1,violet-list.pdf,RETATRUTIDE
Violet,Retatrutide,10mg*10vials,80.0,10.0,10,100.0,0.8,violet-list.pdf,RETATRUTIDE
Violet,Retatrutide,15mg*10vials,95.0,15.0,10,150.0,0.6333333333333333,violet-list.pdf,RETATRUTIDE
Violet,Retatrutide,20mg*10vials,120.0,20.0,10,200.0,0.6,violet-list.pdf,RETATRUTIDE
Violet,Retatrutide,30mg*10vials,157.0,30.0,10,300.0,0.5233333333333333,violet-list.pdf,RETATRUTIDE
Violet,Retatrutide,40mg*10vials,195.0,40.0,10,400.0,0.4875,violet-list.pdf,RETATRUTIDE
Violet,Retatrutide,50mg*10vials,230.0,50.0,10,500.0,0.46,violet-list.pdf,RETATRUTIDE
Violet,Retatrutide,60mg *10vials,270.0,60.0,10,600.0,0.45,violet-list.pdf,RETATRUTIDE
Violet,Retatrutide,1200mg *10 vials,55.0,1200.0,10,12000.0,0.004583333333333333,violet-list.pdf,RETATRUTIDE
Violet,cerebrolysin,60mg *6 vials,42.0,60.0,6,360.0,0.11666666666666667,violet-list.pdf,CEREBROLYSIN
Violet,cagrilintide,5mg *10 vials,88.0,5.0,10,50.0,1.76,violet-list.pdf,CAGRILINTIDE
Violet,cagrilintide,10mg*10vials,145.0,10.0,10,100.0,1.45,violet-list.pdf,CAGRILINTIDE
Violet,FOXO4,10mg*10vials,210.0,10.0,10,100.0,2.1,violet-list.pdf,FOXO4
Violet,Ara-290,10mg*10vials,48.0,10.0,10,100.0,0.48,violet-list.pdf,ARA-290
Violet,Snap-8,10mg*10vials,40.0,10.0,10,100.0,0.4,violet-list.pdf,SNAP-8
Violet,Mazdutide,5mg *10 vials,90.0,5.0,10,50.0,1.8,violet-list.pdf,MAZDUTIDE
Violet,Mazdutide,10mg*10vials,165.0,10.0,10,100.0,1.65,violet-list.pdf,MAZDUTIDE
Violet,NAD+,100mg*10vials,50.0,100.0,10,1000.0,0.05,violet-list.pdf,NAD
Violet,NAD+,250mg*10vials,60.0,250.0,10,2500.0,0.024,violet-list.pdf,NAD
Violet,NAD+,500mg*10vials,70.0,500.0,10,5000.0,0.014,violet-list.pdf,NAD
Violet,NAD+,1000mg*10vials,100.0,1000.0,10,10000.0,0.01,violet-list.pdf,NAD
Violet,AOD,5mg *10 vials,80.0,5.0,10,50.0,1.6,violet-list.pdf,AOD
Violet,5-amino-1mq,5mg *10 vials,42.0,5.0,10,50.0,0.84,violet-list.pdf,5-AMINO-1MQ
Violet,5-amino-1mq,10mg*10vials,56.0,10.0,10,100.0,0.56,violet-list.pdf,5-AMINO-1MQ
Violet,5-amino-1mq,50mg*10vials,95.0,50.0,10,500.0,0.19,violet-list.pdf,5-AMINO-1MQ
Violet,Survodutide,10mg*10vials,185.0,10.0,10,100.0,1.85,violet-list.pdf,SURVODUTIDE
Violet,cagrilintide 5mg+Semaglutide 5mg,10mg*10vials,130.0,10.0,10,100.0,1.3,violet-list.pdf,CAGRILINTIDE 5MG SEMAGLUTIDE 5MG
Violet,BPC 157 10mg+GHK-CU 50mg+TB500 10mg,70mg *10 vials,163.0,70.0,10,700.0,0.23285714285714285,violet-list.pdf,BPC 157 10MG GHK-CU 50MG TB500 10MG
Violet,BPC 157 10mg+GHK-CU 50mg+TB500 10mg+KPV 10mg,80mg*10vials,195.0,80.0,10,800.0,0.24375,violet-list.pdf,BPC 157 10MG GHK-CU 50MG TB500 10MG KPV 10MG
Violet,Lipo c,10ml*10vials,75.0,,10,,,violet-list.pdf,LIPO C
Violet,VIP5,5mg *10 vials,65.0,5.0,10,50.0,1.3,violet-list.pdf,VIP5
Violet,VIP10,10mg*10vials,120.0,10.0,10,100.0,1.2,violet-list.pdf,VIP10
Violet,SLU-PP-332,5mg*10vials,95.0,5.0,10,50.0,1.9,violet-list.pdf,SLU-PP-332
Violet,LYSINE-PROLINE-VALINE,5mg *10 vials,35.0,5.0,10,50.0,0.7,violet-list.pdf,LYSINE-PROLINE-VALINE
Violet,LYSINE-PROLINE-VALINE,10mg*10vials,48.0,10.0,10,100.0,0.48,violet-list.pdf,LYSINE-PROLINE-VALINE
Violet,LL37,5mg*10vials,65.0,5.0,10,50.0,1.3,violet-list.pdf,LL37
Violet,B12,0.1mg*1ml*10vials,7.0,0.1,10,1.0,7.0,violet-list.pdf,B12
Violet,Lemon Bottle,10mg*10vials,55.0,10.0,10,100.0,0.55,violet-list.pdf,LEMON BOTTLE
ZJ,Tirzepatide,5mg*10vials,48.0,5.0,10,50.0,0.96,ZJlist123.pdf,TIRZEPATIDE
ZJ,Tirzepatide,10mg*10vials,68.0,10.0,10,100.0,0.68,ZJlist123.pdf,TIRZEPATIDE
ZJ,Tirzepatide,15mg*10vials,80.0,15.0,10,150.0,0.5333333333333333,ZJlist123.pdf,TIRZEPATIDE
ZJ,Tirzepatide,20mg*10vials,95.0,20.0,10,200.0,0.475,ZJlist123.pdf,TIRZEPATIDE
ZJ,Tirzepatide,30mg*10vials,120.0,30.0,10,300.0,0.4,ZJlist123.pdf,TIRZEPATIDE
ZJ,Tirzepatide,40mg*10vials,150.0,40.0,10,400.0,0.375,ZJlist123.pdf,TIRZEPATIDE
ZJ,Tirzepatide,50mg*10vials,165.0,50.0,10,500.0,0.33,ZJlist123.pdf,TIRZEPATIDE
ZJ,Tirzepatide,60mg*10vials,210.0,60.0,10,600.0,0.35,ZJlist123.pdf,TIRZEPATIDE
ZJ,Tirzepatide,70mg*10vials,225.0,70.0,10,700.0,0.32142857142857145,ZJlist123.pdf,TIRZEPATIDE
ZJ,Tirzepatide,80mg*10vials,255.0,80.0,10,800.0,0.31875,ZJlist123.pdf,TIRZEPATIDE
ZJ,Tirzepatide,90mg*10vials,275.0,90.0,10,900.0,0.3055555555555556,ZJlist123.pdf,TIRZEPATIDE
ZJ,Tirzepatide,100mg*10vials,315.0,100.0,10,1000.0,0.315,ZJlist123.pdf,TIRZEPATIDE
ZJ,Tirzepatide,120mg*10vials,330.0,120.0,10,1200.0,0.275,ZJlist123.pdf,TIRZEPATIDE
ZJ,Semaglutide,5mg*10vials,46.0,5.0,10,50.0,0.92,ZJlist123.pdf,SEMAGLUTIDE
ZJ,Semaglutide,10mg*10vials,70.0,10.0,10,100.0,0.7,ZJlist123.pdf,SEMAGLUTIDE
ZJ,Semaglutide,15mg*10vials,86.0,15.0,10,150.0,0.5733333333333334,ZJlist123.pdf,SEMAGLUTIDE
ZJ,Semaglutide,20mg*10vials,100.0,20.0,10,200.0,0.5,ZJlist123.pdf,SEMAGLUTIDE
ZJ,Semaglutide,30mg*10vials,120.0,30.0,10,300.0,0.4,ZJlist123.pdf,SEMAGLUTIDE
ZJ,Retatrutide,5mg*10vials,77.0,5.0,10,50.0,1.54,ZJlist123.pdf,RETATRUTIDE
ZJ,Retatrutide,10mg*10vials,120.0,10.0,10,100.0,1.2,ZJlist123.pdf,RETATRUTIDE
ZJ,Retatrutide,15mg*10vials,155.0,15.0,10,150.0,1.0333333333333334,ZJlist123.pdf,RETATRUTIDE
ZJ,Retatrutide,20mg*10vials,170.0,20.0,10,200.0,0.85,ZJlist123.pdf,RETATRUTIDE
ZJ,Retatrutide,30mg*10vials,210.0,30.0,10,300.0,0.7,ZJlist123.pdf,RETATRUTIDE
ZJ,Retatrutide,40mg*10vials,325.0,40.0,10,400.0,0.8125,ZJlist123.pdf,RETATRUTIDE
ZJ,Retatrutide,50mg*10vials,335.0,50.0,10,500.0,0.67,ZJlist123.pdf,RETATRUTIDE
ZJ,Retatrutide,60mg*10vials,340.0,60.0,10,600.0,0.5666666666666667,ZJlist123.pdf,RETATRUTIDE
ZJ,Cagrilintide,5mg*10vials,118.0,5.0,10,50.0,2.36,ZJlist123.pdf,CAGRILINTIDE
ZJ,Cagrilintide,10mg*10vials,225.0,10.0,10,100.0,2.25,ZJlist123.pdf,CAGRILINTIDE
ZJ,Lipo-c,10ml*10vials,80.0,,10,,,ZJlist123.pdf,LIPO-C
ZJ,Lemon Bottle,10ml*10vials,87.0,,10,,,ZJlist123.pdf,LEMON BOTTLE
ZJ,L-carnitine 600 mg,10ml*10vials,40.0,600.0,10,6000.0,0.006666666666666667,ZJlist123.pdf,L-CARNITINE 600 MG
ZJ,"Glow
(TB10mg+BPC-157
10mg+GHK50mg)",70mg*10vials,220.0,70.0,10,700.0,0.3142857142857143,ZJlist123.pdf,GLOW TB10MG BPC-157 10MG GHK50MG
ZJ,"TB10mg+BPC-157
10mg+GHK50mg+kpv10mg",80mg*10vials,245.0,80.0,10,800.0,0.30625,ZJlist123.pdf,TB10MG BPC-157 10MG GHK50MG KPV10MG
ZJ,TB500,2mg*10vials,45.0,2.0,10,20.0,2.25,ZJlist123.pdf,TB500
ZJ,TB500,5mg*10vials,85.0,5.0,10,50.0,1.7,ZJlist123.pdf,TB500
ZJ,TB500,10mg*10vials,165.0,10.0,10,100.0,1.65,ZJlist123.pdf,TB500
ZJ,BPC 157,5mg*10vials,41.0,5.0,10,50.0,0.82,ZJlist123.pdf,BPC 157
ZJ,BPC 157,10mg*10vials,65.0,10.0,10,100.0,0.65,ZJlist123.pdf,BPC 157
ZJ,BPC 5mg + TB 5mg,10mg*10vials,110.0,10.0,10,100.0,1.1,ZJlist123.pdf,BPC 5MG TB 5MG
ZJ,BPC 10mg + TB 10mg,20mg*10vials,210.0,20.0,10,200.0,1.05,ZJlist123.pdf,BPC 10MG TB 10MG
ZJ,"CJC-1295 without DAC
5mg + IPA 5mg",10mg*10vials,118.0,10.0,10,100.0,1.18,ZJlist123.pdf,CJC-1295 WITHOUT DAC 5MG IPA 5MG
ZJ,PT 141,10mg*10vials,62.0,10.0,10,100.0,0.62,ZJlist123.pdf,PT 141
ZJ,NAD+,100mg*10vials,48.0,100.0,10,1000.0,0.048,ZJlist123.pdf,NAD
ZJ,NAD+,500mg*10vials,95.0,500.0,10,5000.0,0.019,ZJlist123.pdf,NAD
ZJ,"Cagrilintide
5mg+Semaglutide5mg",10mg*10vials,170.0,10.0,10,100.0,1.7,ZJlist123.pdf,CAGRILINTIDE 5MG SEMAGLUTIDE5MG
ZJ,CJC 1295 without DAC,2mg*10vials,40.0,2.0,10,20.0,2.0,ZJlist123.pdf,CJC 1295 WITHOUT DAC
ZJ,CJC 1295 without DAC,5mg*10vials,90.0,5.0,10,50.0,1.8,ZJlist123.pdf,CJC 1295 WITHOUT DAC
ZJ,CJC 1295 without DAC,10mg*10vials,180.0,10.0,10,100.0,1.8,ZJlist123.pdf,CJC 1295 WITHOUT DAC
ZJ,CJC 1295 with DAC,2mg*10vials,78.0,2.0,10,20.0,3.9,ZJlist123.pdf,CJC 1295 WITH DAC
ZJ,CJC 1295 with DAC,5mg*10vials,185.0,5.0,10,50.0,3.7,ZJlist123.pdf,CJC 1295 WITH DAC
ZJ,MOTS-C,10mg*10vials,68.0,10.0,10,100.0,0.68,ZJlist123.pdf,MOTS-C
ZJ,MOTS-C,40mg*10vials,215.0,40.0,10,400.0,0.5375,ZJlist123.pdf,MOTS-C
ZJ,AOD 9604,2mg*10vials,58.0,2.0,10,20.0,2.9,ZJlist123.pdf,AOD 9604
ZJ,AOD 9604,5mg*10vials,105.0,5.0,10,50.0,2.1,ZJlist123.pdf,AOD 9604
ZJ,Epitalon,10mg*10vials,38.0,10.0,10,100.0,0.38,ZJlist123.pdf,EPITALON
ZJ,Epitalon,50mg*10vials,170.0,50.0,10,500.0,0.34,ZJlist123.pdf,EPITALON
ZJ,HGH 191AA(Somatropin),10iu*10vials,49.0,,10,,,ZJlist123.pdf,HGH 191AA SOMATROPIN
ZJ,HGH 191AA(Somatropin),12iu*10vials,65.0,,10,,,ZJlist123.pdf,HGH 191AA SOMATROPIN
ZJ,HGH 191AA(Somatropin),15iu*10vials,80.0,,10,,,ZJlist123.pdf,HGH 191AA SOMATROPIN
ZJ,HGH 191AA(Somatropin),24iu*10vials,115.0,,10,,,ZJlist123.pdf,HGH 191AA SOMATROPIN
ZJ,HCG,5000iu*10vials,83.0,,10,,,ZJlist123.pdf,HCG
ZJ,HCG,10000iu*10vials,135.0,,10,,,ZJlist123.pdf,HCG
ZJ,HMG,75iu*10vials,68.0,,10,,,ZJlist123.pdf,HMG
ZJ,Mazduttide,10mg*10vials,185.0,10.0,10,100.0,1.85,ZJlist123.pdf,MAZDUTTIDE
ZJ,Survodutide,10mg*10vials,310.0,10.0,10,100.0,3.1,ZJlist123.pdf,SURVODUTIDE
ZJ,GHK-CU,50mg*10vials,37.0,50.0,10,500.0,0.074,ZJlist123.pdf,GHK-CU
ZJ,GHK-CU,100mg*10vials,63.0,100.0,10,1000.0,0.063,ZJlist123.pdf,GHK-CU
ZJ,MT-(Melanotan2Acetate ),10mg*10vials,50.0,10.0,10,100.0,0.5,ZJlist123.pdf,MT- MELANOTAN2ACETATE
ZJ,Melatonin,10mg*10vials,70.0,10.0,10,100.0,0.7,ZJlist123.pdf,MELATONIN
ZJ,Melanotan 1,10mg*10vials,65.0,10.0,10,100.0,0.65,ZJlist123.pdf,MELANOTAN 1
ZJ,Ipamorelin,5mg*10vials,40.0,5.0,10,50.0,0.8,ZJlist123.pdf,IPAMORELIN
ZJ,Ipamorelin,10mg*10vials,78.0,10.0,10,100.0,0.78,ZJlist123.pdf,IPAMORELIN
ZJ,Adipotide,5mg*10vials,145.0,5.0,10,50.0,2.9,ZJlist123.pdf,ADIPOTIDE
ZJ,Semax,5mg*10vials,49.0,5.0,10,50.0,0.98,ZJlist123.pdf,SEMAX
ZJ,Semax,10mg*10vials,78.0,10.0,10,100.0,0.78,ZJlist123.pdf,SEMAX
ZJ,Sermorelin,5mg*10vials,72.0,5.0,10,50.0,1.44,ZJlist123.pdf,SERMORELIN
ZJ,Sermorelin,10mg*10vials,150.0,10.0,10,100.0,1.5,ZJlist123.pdf,SERMORELIN
ZJ,Tesamorelin,2mg*10vials,58.0,2.0,10,20.0,2.9,ZJlist123.pdf,TESAMORELIN
ZJ,Tesamorelin,5mg*10vials,108.0,5.0,10,50.0,2.16,ZJlist123.pdf,TESAMORELIN
ZJ,Tesamorelin,10mg*10vials,210.0,10.0,10,100.0,2.1,ZJlist123.pdf,TESAMORELIN
ZJ,DSIP,5mg*10vials,46.0,5.0,10,50.0,0.92,ZJlist123.pdf,DSIP
ZJ,DSIP,10mg*10vials,90.0,10.0,10,100.0,0.9,ZJlist123.pdf,DSIP
ZJ,Gonadorelin,2mg*10vials,40.0,2.0,10,20.0,2.0,ZJlist123.pdf,GONADORELIN
ZJ,Hexarelin Acetate,2mg*10vials,39.0,2.0,10,20.0,1.95,ZJlist123.pdf,HEXARELIN ACETATE
ZJ,Hexarelin Acetate,5mg*10vials,85.0,5.0,10,50.0,1.7,ZJlist123.pdf,HEXARELIN ACETATE
ZJ,IGF-1 LR3,0.1mg*10vials,45.0,0.1,10,1.0,45.0,ZJlist123.pdf,IGF-1 LR3
ZJ,IGF-1 LR3,1mg*10vials,215.0,1.0,10,10.0,21.5,ZJlist123.pdf,IGF-1 LR3
ZJ,Kisspeptin-10,5mg*10vials,62.0,5.0,10,50.0,1.24,ZJlist123.pdf,KISSPEPTIN-10
ZJ,Kisspeptin-10,10mg*10vials,125.0,10.0,10,100.0,1.25,ZJlist123.pdf,KISSPEPTIN-10
ZJ,Oxytocin Acetate,2mg*10vials,40.0,2.0,10,20.0,2.0,ZJlist123.pdf,OXYTOCIN ACETATE
ZJ,Oxytocin Acetate,5mg*10vials,65.0,5.0,10,50.0,1.3,ZJlist123.pdf,OXYTOCIN ACETATE
ZJ,Selank,5mg*10vials,49.0,5.0,10,50.0,0.98,ZJlist123.pdf,SELANK
ZJ,Selank,10mg*10vials,78.0,10.0,10,100.0,0.78,ZJlist123.pdf,SELANK
ZJ,Thymosin alpha-1,5mg*10vials,105.0,5.0,10,50.0,2.1,ZJlist123.pdf,THYMOSIN ALPHA-1
ZJ,Thymosin alpha-1,10mg*10vials,170.0,10.0,10,100.0,1.7,ZJlist123.pdf,THYMOSIN ALPHA-1
ZJ,Thymalin,10mg*10vials,65.0,10.0,10,100.0,0.65,ZJlist123.pdf,THYMALIN
ZJ,Gonadorelin Acetate,2mg*10vials,40.0,2.0,10,20.0,2.0,ZJlist123.pdf,GONADORELIN ACETATE
ZJ,AICAR,50mg*10vials,65.0,50.0,10,500.0,0.13,ZJlist123.pdf,AICAR
ZJ,SS-31,10mg*10vials,95.0,10.0,10,100.0,0.95,ZJlist123.pdf,SS-31
ZJ,SS-31,50mg*10vials,380.0,50.0,10,500.0,0.76,ZJlist123.pdf,SS-31
ZJ,GHRP-2 Acetate,5mg*10vials,30.0,5.0,10,50.0,0.6,ZJlist123.pdf,GHRP-2 ACETATE
ZJ,GHRP-2 Acetate,10mg*10vials,50.0,10.0,10,100.0,0.5,ZJlist123.pdf,GHRP-2 ACETATE
ZJ,GHRP-6 Acetate,5mg*10vials,30.0,5.0,10,50.0,0.6,ZJlist123.pdf,GHRP-6 ACETATE
ZJ,GHRP-6 Acetate,10mg*10vials,50.0,10.0,10,100.0,0.5,ZJlist123.pdf,GHRP-6 ACETATE
ZJ,Dermorphin,5mg*10vials,35.0,5.0,10,50.0,0.7,ZJlist123.pdf,DERMORPHIN
ZJ,5 amino 1mq.,5mg*10vials,75.0,5.0,10,50.0,1.5,ZJlist123.pdf,5 AMINO 1MQ
ZJ,5 amino 1mq.,50mg*10vials,130.0,50.0,10,500.0,0.26,ZJlist123.pdf,5 AMINO 1MQ
ZJ,Snap-8,10mg*10vials,45.0,10.0,10,100.0,0.45,ZJlist123.pdf,SNAP-8
ZJ,LL37,5mg*10vials,95.0,5.0,10,50.0,1.9,ZJlist123.pdf,LL37
ZJ,"Bacteriostaticwater
containing 0.9% benzyl alcohol.",3ml*10vials,12.0,,10,,,ZJlist123.pdf,BACTERIOSTATICWATER CONTAINING 0 9 BENZYL ALCOHOL
ZJ,"Bacteriostaticwater
containing 0.9% benzyl alcohol.",10ml*10vials,12.0,,10,,,ZJlist123.pdf,BACTERIOSTATICWATER CONTAINING 0 9 BENZYL ALCOHOL
ZJ,Acetic Acid 0.6%,3ml*10vials,10.0,,10,,,ZJlist123.pdf,ACETIC ACID 0 6
ZJ,Acetic Acid 0.6%,10ml*10vials,11.0,,10,,,ZJlist123.pdf,ACETIC ACID 0 6
ZJ,Tirzepatide Pen,2mg*1vials,35.0,2.0,1,2.0,17.5,ZJlist123.pdf,TIRZEPATIDE PEN
ZJ,Tirzepatide Pen,5mg*1vials,45.0,5.0,1,5.0,9.0,ZJlist123.pdf,TIRZEPATIDE PEN
ZJ,Tirzepatide Pen,10mg*1vials,58.0,10.0,1,10.0,5.8,ZJlist123.pdf,TIRZEPATIDE PEN
ZJ,Tirzepatide Pen,15mg*1vials,70.0,15.0,1,15.0,4.666666666666667,ZJlist123.pdf,TIRZEPATIDE PEN
ZJ,KPV,10mg*10vials,80.0,10.0,10,100.0,0.8,ZJlist123.pdf,KPV
ZJ,VIP,10mg*10vials,185.0,10.0,10,100.0,1.85,ZJlist123.pdf,VIP
ZJ,FOX04,10mg*10vials,375.0,10.0,10,100.0,3.75,ZJlist123.pdf,FOX04
ZJ,MGF,2mg*10vials,60.0,2.0,10,20.0,3.0,ZJlist123.pdf,MGF
ZJ,PEG MGF,2mg*10vials,95.0,2.0,10,20.0,4.75,ZJlist123.pdf,PEG MGF
ZJ,B12,10ml*10vials,22.0,,10,,,ZJlist123.pdf,B12
ZJ,SLU PP-332,5mg*10vials,100.0,5.0,10,50.0,2.0,ZJlist123.pdf,SLU PP-332
ZJ,Bacwater,3ml*10vials,8.0,,10,,,ZJlist123.pdf,BACWATER
ZJ,Bacwater,10ml*10vials,11.0,,10,,,ZJlist123.pdf,BACWATER
Mix,All,All,,,10,,,Mix_price-list (3).pdf,ALL
Mix,Tirze-30mg,Tirze-30mg,90.0,30.0,10,300.0,0.3,Mix_price-list (3).pdf,TIRZE-30MG
Mix,Tirze-40mg,Tirze-40mg,120.0,40.0,10,400.0,0.3,Mix_price-list (3).pdf,TIRZE-40MG
Mix,Tirze-60mg,Tirze-60mg,180.0,60.0,10,600.0,0.3,Mix_price-list (3).pdf,TIRZE-60MG
Mix,Reta-15mg,Reta-15mg,120.0,15.0,10,150.0,0.8,Mix_price-list (3).pdf,RETA-15MG
Mix,Reta-30mg,Reta-30mg,210.0,30.0,10,300.0,0.7,Mix_price-list (3).pdf,RETA-30MG
Mix,Reta-50mg,Reta-50mg,310.0,50.0,10,500.0,0.62,Mix_price-list (3).pdf,RETA-50MG
Mix,Sema-10mg,Sema-10mg,65.0,10.0,10,100.0,0.65,Mix_price-list (3).pdf,SEMA-10MG
Mix,Klow-80mg,Klow-80mg,175.0,80.0,10,800.0,0.21875,Mix_price-list (3).pdf,KLOW-80MG
Mix,NAD-500mg,NAD-500mg,75.0,500.0,10,5000.0,0.015,Mix_price-list (3).pdf,NAD-500MG
Mix,Glow-70mg,Glow-70mg,160.0,70.0,10,700.0,0.22857142857142856,Mix_price-list (3).pdf,GLOW-70MG
Mix,Cagr-10mg,Cagr-10mg,135.0,10.0,10,100.0,1.35,Mix_price-list (3).pdf,CAGR-10MG
Mix,Note:,Note:,,,10,,,Mix_price-list (3).pdf,NOTE
Uther,UK/CA（CA have reship）/EURO/AU/KR/BR,UK/CA（CA have reship）/EURO/AU/KR/BR,50.0,,10,,,Uther_11-26.pdf,UK CA CA HAVE RESHIP EURO AU KR BR
Uther,RUS/ KAZ,RUS/ KAZ,43.0,,10,,,Uther_11-26.pdf,RUS KAZ
Uther,THA/MYS/ISL,THA/MYS/ISL,35.0,,10,,,Uther_11-26.pdf,THA MYS ISL
Uther,Semaglutide 5mg,Semaglutide 5mg,80.0,5.0,10,50.0,1.6,Uther_11-26.pdf,SEMAGLUTIDE 5MG
Uther,Semaglutide 10mg,Semaglutide 10mg,120.0,10.0,10,100.0,1.2,Uther_11-26.pdf,SEMAGLUTIDE 10MG
Uther,Semaglutide 20mg,Semaglutide 20mg,170.0,20.0,10,200.0,0.85,Uther_11-26.pdf,SEMAGLUTIDE 20MG
Uther,Tirzepatide 10mg,Tirzepatide 10mg,150.0,10.0,10,100.0,1.5,Uther_11-26.pdf,TIRZEPATIDE 10MG
Uther,Tirzepatide 15mg,Tirzepatide 15mg,180.0,15.0,10,150.0,1.2,Uther_11-26.pdf,TIRZEPATIDE 15MG
Uther,Tirzepatide 30mg,Tirzepatide 30mg,220.0,30.0,10,300.0,0.7333333333333333,Uther_11-26.pdf,TIRZEPATIDE 30MG
Uther,tirzepatide 45mg,tirzepatide 45mg,240.0,45.0,10,450.0,0.5333333333333333,Uther_11-26.pdf,TIRZEPATIDE 45MG
Uther,Tirzepatide 60mg,Tirzepatide 60mg,280.0,60.0,10,600.0,0.4666666666666667,Uther_11-26.pdf,TIRZEPATIDE 60MG
Uther,Tirzepatide 90mg,Tirzepatide 90mg,350.0,90.0,10,900.0,0.3888888888888889,Uther_11-26.pdf,TIRZEPATIDE 90MG
Uther,Retatrutide 10mg,Retatrutide 10mg,200.0,10.0,10,100.0,2.0,Uther_11-26.pdf,RETATRUTIDE 10MG
Uther,Retatrutide 20mg,Retatrutide 20mg,300.0,20.0,10,200.0,1.5,Uther_11-26.pdf,RETATRUTIDE 20MG
Uther,Retatrutide 30mg,Retatrutide 30mg,370.0,30.0,10,300.0,1.2333333333333334,Uther_11-26.pdf,RETATRUTIDE 30MG
Uther,Retatrutide 40mg,Retatrutide 40mg,450.0,40.0,10,400.0,1.125,Uther_11-26.pdf,RETATRUTIDE 40MG
Uther,Retatrutide 50mg,Retatrutide 50mg,500.0,50.0,10,500.0,1.0,Uther_11-26.pdf,RETATRUTIDE 50MG
Uther,Cagrilintide 5mg,Cagrilintide 5mg,150.0,5.0,10,50.0,3.0,Uther_11-26.pdf,CAGRILINTIDE 5MG
Uther,Cagrilintide 10mg,Cagrilintide 10mg,220.0,10.0,10,100.0,2.2,Uther_11-26.pdf,CAGRILINTIDE 10MG
Uther,Mazdutide 10mg,Mazdutide 10mg,260.0,10.0,10,100.0,2.6,Uther_11-26.pdf,MAZDUTIDE 10MG
Uther,Survodutide 10mg,Survodutide 10mg,230.0,10.0,10,100.0,2.3,Uther_11-26.pdf,SURVODUTIDE 10MG
Uther,L-carnitine 500mg×20ml×10vials （water）,L-carnitine 500mg×20ml×10vials （water）,200.0,500.0,10,5000.0,0.04,Uther_11-26.pdf,L-CARNITINE 500MG 20ML 10VIALS WATER
Uther,cyanocobalamin vb12 1mg ×10ml×10vials water,cyanocobalamin vb12 1mg ×10ml×10vials water,60.0,121.0,10,1210.0,0.049586776859504134,Uther_11-26.pdf,CYANOCOBALAMIN VB12 1MG 10ML 10VIALS WATER
Uther,HGH 10IU,HGH 10IU,58.0,,10,,,Uther_11-26.pdf,HGH 10IU
Uther,IGF-1 LR3 1mg,IGF-1 LR3 1mg,210.0,31.0,10,310.0,0.6774193548387096,Uther_11-26.pdf,IGF-1 LR3 1MG
Uther,5-Amino-1MQ 50mg（Chloride）,5-Amino-1MQ 50mg（Chloride）,120.0,50.0,10,500.0,0.24,Uther_11-26.pdf,5-AMINO-1MQ 50MG CHLORIDE
Uther,5-Amino-1MQ 10mg （Chloride）,5-Amino-1MQ 10mg （Chloride）,60.0,10.0,10,100.0,0.6,Uther_11-26.pdf,5-AMINO-1MQ 10MG CHLORIDE
Uther,Adipotide 10mg,Adipotide 10mg,165.0,10.0,10,100.0,1.65,Uther_11-26.pdf,ADIPOTIDE 10MG
Uther,VIP 10mg,VIP 10mg,130.0,10.0,10,100.0,1.3,Uther_11-26.pdf,VIP 10MG
Uther,Bpc 157 10mg,Bpc 157 10mg,50.0,15710.0,10,157100.0,0.00031826861871419476,Uther_11-26.pdf,BPC 157 10MG
Uther,Bpc 157 20mg,Bpc 157 20mg,90.0,15720.0,10,157200.0,0.0005725190839694657,Uther_11-26.pdf,BPC 157 20MG
Uther,Bpc 157 40mg,Bpc 157 40mg,175.0,15740.0,10,157400.0,0.0011118170266836086,Uther_11-26.pdf,BPC 157 40MG
Uther,Tb 500 （tb4）10mg,Tb 500 （tb4）10mg,120.0,10.0,10,100.0,1.2,Uther_11-26.pdf,TB 500 TB4 10MG
Uther,Abaloparatide 3mg,Abaloparatide 3mg,100.0,3.0,10,30.0,3.3333333333333335,Uther_11-26.pdf,ABALOPARATIDE 3MG
Uther,Teriparatide 750mcg,Teriparatide 750mcg,75.0,,10,,,Uther_11-26.pdf,TERIPARATIDE 750MCG
Uther,Aod 9604 5mg,Aod 9604 5mg,110.0,96045.0,10,960450.0,0.0001145296475610391,Uther_11-26.pdf,AOD 9604 5MG
Uther,Fragment 176–191 5mg,Fragment 176–191 5mg,75.0,1915.0,10,19150.0,0.0039164490861618795,Uther_11-26.pdf,FRAGMENT 176 191 5MG
Uther,Pt141 10mg,Pt141 10mg,70.0,14110.0,10,141100.0,0.0004961020552799433,Uther_11-26.pdf,PT141 10MG
Uther,Kisspeptin-10mg,Kisspeptin-10mg,75.0,10.0,10,100.0,0.75,Uther_11-26.pdf,KISSPEPTIN-10MG
Uther,Epitalon 10mg,Epitalon 10mg,55.0,10.0,10,100.0,0.55,Uther_11-26.pdf,EPITALON 10MG
Uther,Epitalon 50mg,Epitalon 50mg,200.0,50.0,10,500.0,0.4,Uther_11-26.pdf,EPITALON 50MG
Uther,Melanotan II 10mg,Melanotan II 10mg,45.0,10.0,10,100.0,0.45,Uther_11-26.pdf,MELANOTAN II 10MG
Uther,Melanotan I 10mg,Melanotan I 10mg,55.0,10.0,10,100.0,0.55,Uther_11-26.pdf,MELANOTAN I 10MG
Uther,Cjc-1295 with dac 5mg,Cjc-1295 with dac 5mg,120.0,5.0,10,50.0,2.4,Uther_11-26.pdf,CJC-1295 WITH DAC 5MG
Uther,Cjc-1295 no dac 10mg,Cjc-1295 no dac 10mg,140.0,10.0,10,100.0,1.4,Uther_11-26.pdf,CJC-1295 NO DAC 10MG
Uther,Ghrp-6 10mg,Ghrp-6 10mg,50.0,610.0,10,6100.0,0.00819672131147541,Uther_11-26.pdf,GHRP-6 10MG
Uther,Ghrp-2 10mg,Ghrp-2 10mg,50.0,210.0,10,2100.0,0.023809523809523808,Uther_11-26.pdf,GHRP-2 10MG
Uther,Tesamorelin 10mg,Tesamorelin 10mg,145.0,10.0,10,100.0,1.45,Uther_11-26.pdf,TESAMORELIN 10MG
Uther,Tesamorelin 20mg,Tesamorelin 20mg,270.0,20.0,10,200.0,1.35,Uther_11-26.pdf,TESAMORELIN 20MG
Uther,Mots-c 10mg,Mots-c 10mg,58.0,10.0,10,100.0,0.58,Uther_11-26.pdf,MOTS-C 10MG
Uther,Mots-c 20mg,Mots-c 20mg,100.0,20.0,10,200.0,0.5,Uther_11-26.pdf,MOTS-C 20MG
Uther,Motsc-40mg,Motsc-40mg,180.0,40.0,10,400.0,0.45,Uther_11-26.pdf,MOTSC-40MG
Uther,Ss-31 10mg,Ss-31 10mg,80.0,3110.0,10,31100.0,0.002572347266881029,Uther_11-26.pdf,SS-31 10MG
Uther,SS-31 30mg,SS-31 30mg,220.0,3130.0,10,31300.0,0.007028753993610224,Uther_11-26.pdf,SS-31 30MG
Uther,SS-31 50mg,SS-31 50mg,300.0,3150.0,10,31500.0,0.009523809523809525,Uther_11-26.pdf,SS-31 50MG
Uther,Ipamorelin 10mg,Ipamorelin 10mg,90.0,10.0,10,100.0,0.9,Uther_11-26.pdf,IPAMORELIN 10MG
Uther,Thymosin Alpha-1 10mg,Thymosin Alpha-1 10mg,145.0,110.0,10,1100.0,0.1318181818181818,Uther_11-26.pdf,THYMOSIN ALPHA-1 10MG
Uther,Thymulin 20mg,Thymulin 20mg,100.0,20.0,10,200.0,0.5,Uther_11-26.pdf,THYMULIN 20MG
Uther,Adamax 10mg（1032 da),Adamax 10mg（1032 da),280.0,10.0,10,100.0,2.8,Uther_11-26.pdf,ADAMAX 10MG 1032 DA
Uther,Semax 10mg,Semax 10mg,60.0,10.0,10,100.0,0.6,Uther_11-26.pdf,SEMAX 10MG
Uther,Selank 10mg,Selank 10mg,60.0,10.0,10,100.0,0.6,Uther_11-26.pdf,SELANK 10MG
Uther,Na semax,Na semax,70.0,,10,,,Uther_11-26.pdf,NA SEMAX
Uther,Na selank,Na selank,70.0,,10,,,Uther_11-26.pdf,NA SELANK
Uther,"IllumiNeuro（pe10mg+pinealon 10mg+na semax 20mg+ na
selank 8mg）","IllumiNeuro（pe10mg+pinealon 10mg+na semax 20mg+ na
selank 8mg）",240.0,10.0,10,100.0,2.4,Uther_11-26.pdf,ILLUMINEURO PE10MG PINEALON 10MG NA SEMAX 20MG NA SELANK 8MG
Uther,Fox04 10mg,Fox04 10mg,350.0,410.0,10,4100.0,0.08536585365853659,Uther_11-26.pdf,FOX04 10MG
Uther,Oxytocin 10mg（＜99）,Oxytocin 10mg（＜99）,60.0,10.0,10,100.0,0.6,Uther_11-26.pdf,OXYTOCIN 10MG 99
Uther,Snap -8 10mg,Snap -8 10mg,40.0,810.0,10,8100.0,0.0049382716049382715,Uther_11-26.pdf,SNAP -8 10MG
Uther,Dsip 5mg,Dsip 5mg,40.0,5.0,10,50.0,0.8,Uther_11-26.pdf,DSIP 5MG
Uther,Dsip 10mg,Dsip 10mg,70.0,10.0,10,100.0,0.7,Uther_11-26.pdf,DSIP 10MG
Uther,BPC 5mg/TB4 5mg blend,BPC 5mg/TB4 5mg blend,85.0,5.0,10,50.0,1.7,Uther_11-26.pdf,BPC 5MG TB4 5MG BLEND
Uther,bpc 10mg/TB4 10mg blend,bpc 10mg/TB4 10mg blend,150.0,10.0,10,100.0,1.5,Uther_11-26.pdf,BPC 10MG TB4 10MG BLEND
Uther,bpc 30mg/TB4 30mg blend,bpc 30mg/TB4 30mg blend,300.0,30.0,10,300.0,1.0,Uther_11-26.pdf,BPC 30MG TB4 30MG BLEND
Uther,Cjc no dac/ipa 5/5mg,Cjc no dac/ipa 5/5mg,95.0,5.0,10,50.0,1.9,Uther_11-26.pdf,CJC NO DAC IPA 5 5MG
Uther,Cjc 6mg/ipa 11mg blend,Cjc 6mg/ipa 11mg blend,160.0,6.0,10,60.0,2.6666666666666665,Uther_11-26.pdf,CJC 6MG IPA 11MG BLEND
Uther,tesa 5mg/ipa 5mg blend,tesa 5mg/ipa 5mg blend,110.0,5.0,10,50.0,2.2,Uther_11-26.pdf,TESA 5MG IPA 5MG BLEND
Uther,tesa 10mg/ipa 3mg blend,tesa 10mg/ipa 3mg blend,165.0,10.0,10,100.0,1.65,Uther_11-26.pdf,TESA 10MG IPA 3MG BLEND
Uther,GHK-CU 100mg,GHK-CU 100mg,51.0,100.0,10,1000.0,0.051,Uther_11-26.pdf,GHK-CU 100MG
Uther,GHK-CU 50mg,GHK-CU 50mg,40.0,50.0,10,500.0,0.08,Uther_11-26.pdf,GHK-CU 50MG
Uther,NAD+500mg buffer ph6-6.5,NAD+500mg buffer ph6-6.5,95.0,500.0,10,5000.0,0.019,Uther_11-26.pdf,NAD 500MG BUFFER PH6-6 5
Uther,Tb 500 frag 10mg,Tb 500 frag 10mg,70.0,10.0,10,100.0,0.7,Uther_11-26.pdf,TB 500 FRAG 10MG
Uther,Pnc 27 30mg（this batch 28mg）,Pnc 27 30mg（this batch 28mg）,250.0,2730.0,10,27300.0,0.009157509157509158,Uther_11-26.pdf,PNC 27 30MG THIS BATCH 28MG
Uther,Ll 37 5mg,Ll 37 5mg,95.0,375.0,10,3750.0,0.025333333333333333,Uther_11-26.pdf,LL 37 5MG
Uther,KPV 10mg,KPV 10mg,80.0,10.0,10,100.0,0.8,Uther_11-26.pdf,KPV 10MG
Uther,Kpv 30mg,Kpv 30mg,150.0,30.0,10,300.0,0.5,Uther_11-26.pdf,KPV 30MG
Uther,Sermorelin 5mg,Sermorelin 5mg,70.0,5.0,10,50.0,1.4,Uther_11-26.pdf,SERMORELIN 5MG
Uther,GLOW(TB4 10+BP 10+GHK50),GLOW(TB4 10+BP 10+GHK50),210.0,,10,,,Uther_11-26.pdf,GLOW TB4 10 BP 10 GHK50
Uther,KLOW（TB10+BP10+KP10+GHK50),KLOW（TB10+BP10+KP10+GHK50),240.0,,10,,,Uther_11-26.pdf,KLOW TB10 BP10 KP10 GHK50
Uther,Pe-22-28 10mg,Pe-22-28 10mg,80.0,2810.0,10,28100.0,0.0028469750889679717,Uther_11-26.pdf,PE-22-28 10MG
Uther,Ara-290 16mg,Ara-290 16mg,95.0,29016.0,10,290160.0,0.0003274055693410532,Uther_11-26.pdf,ARA-290 16MG
Uther,Tri-Heal Max （tb4 25mg+bp10mg+kpv10mg）,Tri-Heal Max （tb4 25mg+bp10mg+kpv10mg）,380.0,425.0,10,4250.0,0.08941176470588236,Uther_11-26.pdf,TRI-HEAL MAX TB4 25MG BP10MG KPV10MG
Uther,tadalafil（Cialis）20mg/100tab,tadalafil（Cialis）20mg/100tab,35.0,20.0,10,200.0,0.175,Uther_11-26.pdf,TADALAFIL CIALIS 20MG 100TAB
Uther,Slu 100mcg/bam25mg blend 60TABS),Slu 100mcg/bam25mg blend 60TABS),95.0,25.0,10,250.0,0.38,Uther_11-26.pdf,SLU 100MCG BAM25MG BLEND 60TABS
Uther,HCG 1000 IU GMP（renjian）3ML 10vials,HCG 1000 IU GMP（renjian）3ML 10vials,40.0,,10,,,Uther_11-26.pdf,HCG 1000 IU GMP RENJIAN 3ML 10VIALS
Uther,HCG 2000 IU GMP（renjian）3ML 10vials,HCG 2000 IU GMP（renjian）3ML 10vials,70.0,,10,,,Uther_11-26.pdf,HCG 2000 IU GMP RENJIAN 3ML 10VIALS
Uther,HCG 4000 IU GMP（ Livzon）3Ml 10vials,HCG 4000 IU GMP（ Livzon）3Ml 10vials,175.0,,10,,,Uther_11-26.pdf,HCG 4000 IU GMP LIVZON 3ML 10VIALS
Uther,Glutathione 600mg GMP 10ML 10vials,Glutathione 600mg GMP 10ML 10vials,45.0,600.0,10,6000.0,0.0075,Uther_11-26.pdf,GLUTATHIONE 600MG GMP 10ML 10VIALS
Uther,Glutathione 1500mg GMP 20ML 10vials,Glutathione 1500mg GMP 20ML 10vials,85.0,1500.0,10,15000.0,0.005666666666666667,Uther_11-26.pdf,GLUTATHIONE 1500MG GMP 20ML 10VIALS
Uther,HMG 75IU X 10vials GMP,HMG 75IU X 10vials GMP,75.0,,10,,,Uther_11-26.pdf,HMG 75IU X 10VIALS GMP
Uther,Cerebrolysin 30mg GMP 10ML 10vials,Cerebrolysin 30mg GMP 10ML 10vials,45.0,30.0,10,300.0,0.15,Uther_11-26.pdf,CEREBROLYSIN 30MG GMP 10ML 10VIALS
Uther,Prostamax 20mg,Prostamax 20mg,150.0,20.0,10,200.0,0.75,Uther_11-26.pdf,PROSTAMAX 20MG
Uther,Pinealon 20mg,Pinealon 20mg,150.0,20.0,10,200.0,0.75,Uther_11-26.pdf,PINEALON 20MG
Uther,Ovagen 20mg,Ovagen 20mg,150.0,20.0,10,200.0,0.75,Uther_11-26.pdf,OVAGEN 20MG
Uther,Vesugen 20mg,Vesugen 20mg,150.0,20.0,10,200.0,0.75,Uther_11-26.pdf,VESUGEN 20MG
Uther,Bronchogen 20mg,Bronchogen 20mg,150.0,20.0,10,200.0,0.75,Uther_11-26.pdf,BRONCHOGEN 20MG
Uther,Vilon 20mg,Vilon 20mg,150.0,20.0,10,200.0,0.75,Uther_11-26.pdf,VILON 20MG
Uther,Cartalax 20mg,Cartalax 20mg,150.0,20.0,10,200.0,0.75,Uther_11-26.pdf,CARTALAX 20MG
Uther,Cortagen 20mg,Cortagen 20mg,150.0,20.0,10,200.0,0.75,Uther_11-26.pdf,CORTAGEN 20MG
Uther,Chonluten 20mg,Chonluten 20mg,150.0,20.0,10,200.0,0.75,Uther_11-26.pdf,CHONLUTEN 20MG
Uther,livagen 20mg,livagen 20mg,150.0,20.0,10,200.0,0.75,Uther_11-26.pdf,LIVAGEN 20MG
Uther,testagen20mg,testagen20mg,150.0,20.0,10,200.0,0.75,Uther_11-26.pdf,TESTAGEN20MG
Uther,cardiogen 20mg,cardiogen 20mg,150.0,20.0,10,200.0,0.75,Uther_11-26.pdf,CARDIOGEN 20MG
Uther,pancragon 20mg,pancragon 20mg,150.0,20.0,10,200.0,0.75,Uther_11-26.pdf,PANCRAGON 20MG
Uther,Thymogen 20mg,Thymogen 20mg,150.0,20.0,10,200.0,0.75,Uther_11-26.pdf,THYMOGEN 20MG
Uther,crystagen_ 20mg,crystagen_ 20mg,150.0,20.0,10,200.0,0.75,Uther_11-26.pdf,CRYSTAGEN 20MG
Uther,Vesilute 20mg （97.78）,Vesilute 20mg （97.78）,130.0,20.0,10,200.0,0.65,Uther_11-26.pdf,VESILUTE 20MG 97 78
Jeep,NAD+ (Buffered),500mg 10vials/kit,80.0,500.0,10,5000.0,0.016,jeep_manual.csv,NAD BUFFERED
Jeep,NAD+ (Buffered),1000mg 10vials/kit,110.0,1000.0,10,10000.0,0.011,jeep_manual.csv,NAD BUFFERED
Jeep,GLOW(CU30+BP10+TB5) mixed,50mg 10vials/kit,155.0,50.0,10,500.0,0.31,jeep_manual.csv,GLOW CU30 BP10 TB5 MIXED
Jeep,GLOW(CU50+BP10+TB10) mixed,70mg 10vials/kit,180.0,70.0,10,700.0,0.2571428571428571,jeep_manual.csv,GLOW CU50 BP10 TB10 MIXED
Jeep,Semaglutide,20mg 10vials/kit,100.0,20.0,10,200.0,0.5,jeep_manual.csv,SEMAGLUTIDE
Jeep,TB-500,10mg 10vials/kit,130.0,10.0,10,100.0,1.3,jeep_manual.csv,TB-500
Jeep,GHK-CU,50mg 10vials/kit,50.0,50.0,10,500.0,0.1,jeep_manual.csv,GHK-CU
Jeep,GHK-CU,100mg 10vials/kit,80.0,100.0,10,1000.0,0.08,jeep_manual.csv,GHK-CU
Jeep,Klow (cu + bpc + tb + kpv) mixed,80mg 10vials/kit,200.0,80.0,10,800.0,0.25,jeep_manual.csv,KLOW CU BPC TB KPV MIXED
Jeep,BPC-157,10mg 10vials/kit,60.0,10.0,10,100.0,0.6,jeep_manual.csv,BPC-157
Jeep,Retatrutide,5mg 10vials/kit,80.0,5.0,10,50.0,1.6,jeep_manual.csv,RETATRUTIDE
Jeep,Retatrutide,10mg 10vials/kit,130.0,10.0,10,100.0,1.3,jeep_manual.csv,RETATRUTIDE
Jeep,Retatrutide,15mg 10vials/kit,180.0,15.0,10,150.0,1.2,jeep_manual.csv,RETATRUTIDE
Jeep,Retatrutide,20mg 10vials/kit,208.0,20.0,10,200.0,1.04,jeep_manual.csv,RETATRUTIDE
Jeep,Retatrutide,30mg 10vials/kit,270.0,30.0,10,300.0,0.9,jeep_manual.csv,RETATRUTIDE
Jeep,Retatrutide,40mg 10vials/kit,300.0,40.0,10,400.0,0.75,jeep_manual.csv,RETATRUTIDE
Jeep,Retatrutide,50mg 10vials/kit,340.0,50.0,10,500.0,0.68,jeep_manual.csv,RETATRUTIDE
Jeep,Retatrutide,60mg 10vials/kit,380.0,60.0,10,600.0,0.6333333333333333,jeep_manual.csv,RETATRUTIDE
Jeep,Tirzepatide,5mg 10vials/kit,55.0,5.0,10,50.0,1.1,jeep_manual.csv,TIRZEPATIDE
Jeep,Tirzepatide,10mg 10vials/kit,78.0,10.0,10,100.0,0.78,jeep_manual.csv,TIRZEPATIDE
Jeep,Tirzepatide,15mg 10vials/kit,98.0,15.0,10,150.0,0.6533333333333333,jeep_manual.csv,TIRZEPATIDE
Jeep,Tirzepatide,20mg 10vials/kit,108.0,20.0,10,200.0,0.54,jeep_manual.csv,TIRZEPATIDE
Jeep,Tirzepatide,30mg 10vials/kit,138.0,30.0,10,300.0,0.46,jeep_manual.csv,TIRZEPATIDE
Jeep,Tirzepatide,40mg 10vials/kit,170.0,40.0,10,400.0,0.425,jeep_manual.csv,TIRZEPATIDE
Jeep,Tirzepatide,60mg 10vials/kit,250.0,60.0,10,600.0,0.4166666666666667,jeep_manual.csv,TIRZEPATIDE
Jeep,Tirzepatide,120mg 10vials/kit,450.0,120.0,10,1200.0,0.375,jeep_manual.csv,TIRZEPATIDE
Jeep,Sermorelin,5mg 10vials/kit,121.0,5.0,10,50.0,2.42,jeep_manual.csv,SERMORELIN
Jeep,Sermorelin,10mg 10vials/kit,150.0,10.0,10,100.0,1.5,jeep_manual.csv,SERMORELIN
Jeep,Tesamorelin,5mg 10vials/kit,88.0,5.0,10,50.0,1.76,jeep_manual.csv,TESAMORELIN
Jeep,Tesamorelin,10mg 10vials/kit,158.0,10.0,10,100.0,1.58,jeep_manual.csv,TESAMORELIN
Jeep,Cagrilintide,5mg 10vials/kit,110.0,5.0,10,50.0,2.2,jeep_manual.csv,CAGRILINTIDE
Jeep,Cagrilintide,10mg 10vials/kit,160.0,10.0,10,100.0,1.6,jeep_manual.csv,CAGRILINTIDE
Jeep,Mots-c,5mg 10vials/kit,75.0,5.0,10,50.0,1.5,jeep_manual.csv,MOTS-C
Jeep,Mots-c,40mg 10vials/kit,200.0,40.0,10,400.0,0.5,jeep_manual.csv,MOTS-C
Jeep,Semax,10mg 10vials/kit,65.0,10.0,10,100.0,0.65,jeep_manual.csv,SEMAX
Jeep,Selank,10mg 10vials/kit,65.0,10.0,10,100.0,0.65,jeep_manual.csv,SELANK
Jeep,SLU-PP-332,5mg 10vials/kit,55.0,5.0,10,50.0,1.1,jeep_manual.csv,SLU-PP-332
Jeep,Epithalon,10mg 10vials/kit,55.0,10.0,10,100.0,0.55,jeep_manual.csv,EPITHALON
Jeep,SS31,10mg 10vials/kit,100.0,10.0,10,100.0,1.0,jeep_manual.csv,SS31
Jeep,AOD-9604,5mg 10vials/kit,90.0,5.0,10,50.0,1.8,jeep_manual.csv,AOD-9604
Jeep,PT141,10mg 10vials/kit,70.0,10.0,10,100.0,0.7,jeep_manual.csv,PT141
Jeep,Ipamorelin,5mg 10vials/kit,45.0,5.0,10,50.0,0.9,jeep_manual.csv,IPAMORELIN
Jeep,Ipamorelin,10mg 10vials/kit,75.0,10.0,10,100.0,0.75,jeep_manual.csv,IPAMORELIN
Jeep,snap8,10mg 10vials/kit,70.0,10.0,10,100.0,0.7,jeep_manual.csv,SNAP8
Jeep,MT-1,10mg 10vials/kit,55.0,10.0,10,100.0,0.55,jeep_manual.csv,MT-1
Jeep,MT-2,10mg 10vials/kit,55.0,10.0,10,100.0,0.55,jeep_manual.csv,MT-2
Jeep,CJC 1295(NO DAC),5mg 10vials/kit,90.0,5.0,10,50.0,1.8,jeep_manual.csv,CJC 1295 NO DAC
Jeep,BB10 (TB5 + BPCS),10mg 10vials/kit,120.0,10.0,10,100.0,1.2,jeep_manual.csv,BB10 TB5 BPCS
Jeep,KPV,10mg 10vials/kit,55.0,10.0,10,100.0,0.55,jeep_manual.csv,KPV
Jeep,BACwater,3ml 10vials/kit,10.0,,10,,,jeep_manual.csv,BACWATER
Jeep,Kisspeptin,10mg 10vials/kit,80.0,10.0,10,100.0,0.8,jeep_manual.csv,KISSPEPTIN
